http://image.abcmart.co.kr/nexti/images/title/1848/0065212_title.jpg,호킨스,PADY M,"
                59,000
            "
http://image.abcmart.co.kr/nexti/images/title/1113/0064979_title.jpg,호킨스,PADY MULE,"
                54,000
            "
http://image.abcmart.co.kr/nexti/images/title/1292/0065216_title.jpg,호킨스,PADY W,"
                59,000
            "
http://image.abcmart.co.kr/nexti/images/list/1649/0065217_list.jpg,호킨스,PADY PLUS,"
                59,000
            "
http://image.abcmart.co.kr/nexti/images/list/1676/0064978_list.jpg,호킨스,PADY PLATFORM,"
                59,000
            "
http://image.abcmart.co.kr/nexti/images/list/1171/0064977_list.jpg,호킨스,PADY PLATFORM,"
                59,000
            "
http://image.abcmart.co.kr/nexti/images/list/1381/0065211_list.jpg,호킨스,PADY M,"
                59,000
            "
http://image.abcmart.co.kr/nexti/images/list/1371/0065213_list.jpg,호킨스,PADY M,"
                59,000
            "
http://image.abcmart.co.kr/nexti/images/list/1866/0065214_list.jpg,호킨스,PADY W,"
                59,000
            "
http://image.abcmart.co.kr/nexti/images/list/1361/0065215_list.jpg,호킨스,PADY W,"
                59,000
            "
http://image.abcmart.co.kr/nexti/images/list/1154/0065218_list.jpg,호킨스,PADY PLUS,"
                59,000
            "
http://image.abcmart.co.kr/nexti/images/list/1064/0065128_list.jpg,반스,SLIP-ON LITE,"
                85,000
            "
http://image.abcmart.co.kr/nexti/images/list/1803/0059241_list.jpg,호킨스,LARVA W,"
                49,000
            "
http://image.abcmart.co.kr/nexti/images/list/1298/0059240_list.jpg,호킨스,LARVA W,"
                49,000
            "
http://image.abcmart.co.kr/nexti/images/list/1308/0059242_list.jpg,호킨스,LARVA W,"
                49,000
            "
http://image.abcmart.co.kr/nexti/images/list/1120/0059477_list.jpg,호킨스,LARVA M,"
                49,000
            "
http://image.abcmart.co.kr/nexti/images/list/1130/0059475_list.jpg,호킨스,LARVA M,"
                49,000
            "
http://image.abcmart.co.kr/nexti/images/list/1625/0059476_list.jpg,호킨스,LARVA M,"
                49,000
            "
http://image.abcmart.co.kr/nexti/images/list/1339/0053081_list.jpg,호킨스,CREASE,"
                39,000
                        "
http://image.abcmart.co.kr/nexti/images/list/1020/0053079_list.jpg,호킨스,CREASE,"
                39,000
                        "
http://image.abcmart.co.kr/nexti/images/list/1903/0052471_list.jpg,호킨스,EIAN 2,"
                49,000
                        "
http://image.abcmart.co.kr/nexti/images/list/1893/0052473_list.jpg,호킨스,EIAN 2,"
                49,000
                        "
http://image.abcmart.co.kr/nexti/images/list/1709/0059755_list.jpg,코코모즈,LABOO,"
                39,000
                        "
http://image.abcmart.co.kr/nexti/images/list/1689/0059759_list.jpg,코코모즈,LABOO,"
                39,000
                        "
http://image.abcmart.co.kr/nexti/images/list/1214/0059754_list.jpg,코코모즈,LABOO,"
                39,000
                        "
http://image.abcmart.co.kr/nexti/images/list/1204/0059756_list.jpg,코코모즈,LABOO,"
                39,000
                        "
http://image.abcmart.co.kr/nexti/images/list/1699/0059757_list.jpg,코코모즈,LABOO,"
                39,000
                        "
http://image.abcmart.co.kr/nexti/images/list/1783/0067002_list.jpg,반스,SLIP-ER,"
                89,000
            "
http://image.abcmart.co.kr/nexti/images/list/1278/0067003_list.jpg,반스,SLIP-ER,"
                89,000
            "
http://image.abcmart.co.kr/nexti/images/list/1422/0053202_list.jpg,반스,SLIP-ER,"
                89,000
            "
http://image.abcmart.co.kr/nexti/images/list/1694/0065827_list.jpg,호킨스,PADY TEDDY,"
                39,000
            "
http://image.abcmart.co.kr/nexti/images/list/1684/0065825_list.jpg,호킨스,PADY TEDDY,"
                39,000
            "
http://image.abcmart.co.kr/nexti/images/list/1752/0066987_list.jpg,휠라,CALDO VC KD,"
                49,000
            "
http://image.abcmart.co.kr/nexti/images/list/1870/0064873_list.jpg,호킨스,MASON,"
                37,000
                        "
http://image.abcmart.co.kr/nexti/images/list/1375/0064874_list.jpg,호킨스,MASON,"
                37,000
                        "
http://image.abcmart.co.kr/nexti/images/list/1365/0064872_list.jpg,호킨스,MASON,"
                37,000
                        "
http://image.abcmart.co.kr/nexti/images/list/1981/0065705_list.jpg,호킨스,PADY BOOTS K,"
                49,000
            "
http://image.abcmart.co.kr/nexti/images/list/1476/0065704_list.jpg,호킨스,PADY BOOTS K,"
                49,000
            "
http://image.abcmart.co.kr/nexti/images/list/1971/0065703_list.jpg,호킨스,PADY BOOTS K,"
                49,000
            "
http://image.abcmart.co.kr/nexti/images/list/1671/0066821_list.jpg,아디다스,RAPIDASNOW BTW C,"
                75,000
                        "
http://image.abcmart.co.kr/nexti/images/list/1423/0066991_list.jpg,휠라,CALDO VC KD,"
                49,000
            "
http://image.abcmart.co.kr/nexti/images/list/1742/0066989_list.jpg,휠라,CALDO VC KD,"
                49,000
            "
http://image.abcmart.co.kr/nexti/images/list/1189/0065826_list.jpg,호킨스,PADY TEDDY,"
                39,000
            "
http://image.abcmart.co.kr/nexti/images/list/1186/0066824_list.jpg,아디다스,SST WINT3R CF C,"
                84,500
                        "
http://image.abcmart.co.kr/nexti/images/list/1681/0066823_list.jpg,아디다스,SST WINT3R CF C,"
                84,500
                        "
http://image.abcmart.co.kr/nexti/images/list/1691/0066825_list.jpg,아디다스,SST WINT3R CF I,"
                75,000
                        "
http://image.abcmart.co.kr/nexti/images/list/1640/0059510_list.jpg,호킨스,CHUCK,"
                46,500
                        "
http://image.abcmart.co.kr/nexti/images/list/1190/0045780_list.jpg,호킨스,SNOW BOOTS(16-22),"
                46,500
                        "
http://image.abcmart.co.kr/nexti/images/list/1785/0064690_list.jpg,호킨스,LIGHTNING MARVEL BOOTS,"
                58,900
                        "
http://image.abcmart.co.kr/nexti/images/list/1599/0064689_list.jpg,호킨스,LIGHTNING MARVEL BOOTS,"
                58,900
                        "
http://image.abcmart.co.kr/nexti/images/list/1489/0066375_list.jpg,탐스,ROSE CLOUD GLIMMER CUNA (TN),"
                41,800
                        "
http://image.abcmart.co.kr/nexti/images/list/1984/0066374_list.jpg,탐스,TOFFEE MICROFIBER CUNA (TN),"
                41,800
                        "
http://image.abcmart.co.kr/nexti/images/list/1281/0053175_list.jpg,호킨스,DUSKY,"
                49,000
                        "
http://image.abcmart.co.kr/nexti/images/list/1776/0053174_list.jpg,호킨스,DUSKY,"
                49,000
                        "
http://image.abcmart.co.kr/nexti/images/list/1169/0065822_list.jpg,호킨스,PADY BOOTS,"
                79,000
            "
http://image.abcmart.co.kr/nexti/images/list/1336/0065821_list.jpg,호킨스,PADY BOOTS,"
                79,000
            "
http://image.abcmart.co.kr/nexti/images/list/1841/0065820_list.jpg,호킨스,PADY SOCKS,"
                79,000
            "
http://image.abcmart.co.kr/nexti/images/list/1655/0065819_list.jpg,호킨스,PADY SOCKS,"
                79,000
            "
http://image.abcmart.co.kr/nexti/images/title/1247/0067006_title.jpg,반스,STYLE 36 DECON SF,"
                79,000
            "
http://image.abcmart.co.kr/nexti/images/title/1785/0066984_title.jpg,푸마,THUNDER SPECTRA,"
                139,000
            "
http://image.abcmart.co.kr/nexti/images/title/1309/0066953_title.jpg,아디다스,YUNG-96,"
                89,000
            "
http://image.abcmart.co.kr/nexti/images/list/1391/0064917_list.jpg,누오보,COLORENE,"
                59,000
            "
http://image.abcmart.co.kr/nexti/images/list/1834/0034906_list.jpg,반스,OLD SKOOL,"
                69,000
            "
http://image.abcmart.co.kr/nexti/images/list/1319/0065897_list.jpg,반스,STYLE 36 DECON SF,"
                79,000
            "
http://image.abcmart.co.kr/nexti/images/list/1673/0064601_list.jpg,반스,OLD SKOOL LITE,"
                75,000
            "
http://image.abcmart.co.kr/nexti/images/list/1199/0066120_list.jpg,아디다스,FALCON W,"
                87,000
                        "
http://image.abcmart.co.kr/nexti/images/list/1688/0060266_list.jpg,휠라,DISRUPTOR 2,"
                69,000
            "
http://image.abcmart.co.kr/nexti/images/list/1385/0066119_list.jpg,아디다스,FALCON W,"
                87,000
                        "
http://image.abcmart.co.kr/nexti/images/list/1630/0064628_list.jpg,호킨스,GRADY,"
                41,000
                        "
http://image.abcmart.co.kr/nexti/images/list/1416/0066396_list.jpg,휠라,FILA SPLINE,"
                49,000
            "
http://image.abcmart.co.kr/nexti/images/list/1279/0065325_list.jpg,휠라,FILARAY TAPEY TAPE,"
                47,000
                        "
http://image.abcmart.co.kr/nexti/images/list/1449/0064700_list.jpg,누오보,ROWELL 4.5,"
                41,000
                        "
http://image.abcmart.co.kr/nexti/images/list/1992/0066929_list.jpg,휠라,PIECEWISE,"
                69,000
            "
http://image.abcmart.co.kr/nexti/images/list/1574/0066538_list.jpg,스케쳐스,D LITE 3,"
                89,000
            "
http://image.abcmart.co.kr/nexti/images/list/1581/0065538_list.jpg,호킨스,GRADY 84,"
                75,000
                        "
http://image.abcmart.co.kr/nexti/images/list/1051/0064908_list.jpg,호킨스,MADRON,"
                41,000
                        "
http://image.abcmart.co.kr/nexti/images/list/1160/0066110_list.jpg,휠라,FILARAY,"
                69,000
            "
http://image.abcmart.co.kr/nexti/images/list/1931/0066399_list.jpg,휠라,FILARAY,"
                69,000
            "
http://image.abcmart.co.kr/nexti/images/list/1814/0065896_list.jpg,반스,STYLE 36 DECON SF,"
                79,000
            "
http://image.abcmart.co.kr/nexti/images/list/1208/0043164_list.jpg,컨버스,CT AS Core,"
                54,000
            "
http://image.abcmart.co.kr/nexti/images/list/1572/0059822_list.jpg,나이키,CLASSIC CORTEZ LEATHER,"
                61,000
                        "
http://image.abcmart.co.kr/nexti/images/list/1041/0061516_list.jpg,나이키,AIR MONARCH IV,"
                71,100
                        "
http://image.abcmart.co.kr/nexti/images/list/1469/0064704_list.jpg,누오보,MELLOW 4,"
                56,000
                        "
http://image.abcmart.co.kr/nexti/images/list/1359/0060270_list.jpg,휠라,COURT DELUXE,"
                59,000
            "
http://image.abcmart.co.kr/nexti/images/list/1291/0066085_list.jpg,블라도,TOMMY 1.5,"
                46,500
                        "
http://image.abcmart.co.kr/nexti/images/list/1703/0054677_list.jpg,나이키,CLASSIC CORTEZ LEATHER,"
                61,000
                        "
http://image.abcmart.co.kr/nexti/images/list/1239/0036213_list.jpg,반스,CLASSIC SLIP-ON,"
                59,000
            "
http://image.abcmart.co.kr/nexti/images/list/1954/0063388_list.jpg,뉴발란스,WX608WT,"
                99,000
            "
http://image.abcmart.co.kr/nexti/images/list/1208/0061674_list.jpg,컨버스,One Star,"
                39,000
                        "
http://image.abcmart.co.kr/nexti/images/list/1000/0059653_list.jpg,리복,REEBOK ROYAL TECHQUE T,"
                61,700
                        "
http://image.abcmart.co.kr/nexti/images/list/1491/0058363_list.jpg,푸마,Puma Smash Vulc CV,"
                29,000
                        "
http://image.abcmart.co.kr/nexti/images/list/1786/0041579_list.jpg,수페르가,2750-COTU CLASSIC,"
                51,000
            "
http://image.abcmart.co.kr/nexti/images/list/1546/0063182_list.jpg,휠라,FILARAY,"
                47,000
                        "
http://image.abcmart.co.kr/nexti/images/list/1187/0036341_list.jpg,반스,CLASSIC SLIP-ON,"
                59,000
            "
http://image.abcmart.co.kr/nexti/images/list/1345/0057630_list.jpg,리복,CLUB C 85 LTHR,"
                39,000
                        "
http://image.abcmart.co.kr/nexti/images/list/1328/0061638_list.jpg,나이키,GRANDSTAND II,"
                49,000
                        "
http://image.abcmart.co.kr/nexti/images/list/1773/0060698_list.jpg,아디다스,N-5923,"
                39,000
                        "
http://image.abcmart.co.kr/nexti/images/list/1209/0066122_list.jpg,아디다스,FALCON W,"
                87,000
                        "
http://image.abcmart.co.kr/nexti/images/list/1569/0062962_list.jpg,나이키,WMNS NIKE COURT ROYALE,"
                48,300
                        "
http://image.abcmart.co.kr/nexti/images/list/1071/0052125_list.jpg,나이키,NIKE AIR MAX 90 ESSENTIAL,"
                116,100
                        "
http://image.abcmart.co.kr/nexti/images/list/1626/0061148_list.jpg,휠라,DISRUPTOR 2,"
                69,000
            "
http://image.abcmart.co.kr/nexti/images/list/1725/0059191_list.jpg,스테파노로시,PLAIN SNEAKER,"
                39,000
                        "
http://image.abcmart.co.kr/nexti/images/list/1764/0065322_list.jpg,휠라,FILARAY,"
                59,000
            "
http://image.abcmart.co.kr/nexti/images/list/1227/0063954_list.jpg,리복,REEBOK ROYAL DASHONIC,"
                65,500
                        "
http://image.abcmart.co.kr/nexti/images/list/1315/0062416_list.jpg,아디다스,STAN SMITH CF W,"
                69,000
                        "
http://image.abcmart.co.kr/nexti/images/list/1461/0058426_list.jpg,나이키,AIR MAX GUILE,"
                83,300
                        "
http://image.abcmart.co.kr/nexti/images/list/1719/0066087_list.jpg,블라도,TOMMY 1.5,"
                46,500
                        "
http://image.abcmart.co.kr/nexti/images/list/1217/0063952_list.jpg,리복,REEBOK ROYAL DASHONIC,"
                65,500
                        "
http://image.abcmart.co.kr/nexti/images/list/1886/0063436_list.jpg,반스,CLASSIC SLIP-ON,"
                59,000
            "
http://image.abcmart.co.kr/nexti/images/list/1314/0049090_list.jpg,반스,OLD SKOOL,"
                59,000
            "
http://image.abcmart.co.kr/nexti/images/list/1218/0043162_list.jpg,컨버스,CT AS Core,"
                54,000
            "
http://image.abcmart.co.kr/nexti/images/list/1658/0050449_list.jpg,수페르가,2750-AEREXCENTURYFLAG,"
                65,000
            "
http://image.abcmart.co.kr/nexti/images/list/1804/0065894_list.jpg,반스,OLD SKOOL,"
                89,000
            "
http://image.abcmart.co.kr/nexti/images/list/1921/0066397_list.jpg,휠라,FILA SPLINE,"
                49,000
            "
http://image.abcmart.co.kr/nexti/images/list/1617/0066999_list.jpg,리복,RIVYX RIPPLE,"
                65,500
                        "
http://image.abcmart.co.kr/nexti/images/list/1404/0066947_list.jpg,반스,OLD SKOOL,"
                79,000
            "
http://image.abcmart.co.kr/nexti/images/list/1043/0066885_list.jpg,반스,CLASSIC SLIP-ON,"
                79,000
            "
http://image.abcmart.co.kr/nexti/images/list/1899/0066946_list.jpg,반스,CLASSIC SLIP-ON,"
                65,000
            "
http://image.abcmart.co.kr/nexti/images/list/1703/0066207_list.jpg,나이키,AIR MAX GUILE,"
                59,000
                        "
http://image.abcmart.co.kr/nexti/images/list/1112/0066998_list.jpg,리복,RIVYX RIPPLE,"
                65,500
                        "
http://image.abcmart.co.kr/nexti/images/list/1246/0066835_list.jpg,리복,RIVYX RIPPLE,"
                65,500
                        "
http://image.abcmart.co.kr/nexti/images/list/1733/0066951_list.jpg,아디다스,YUNG-96,"
                89,000
            "
http://image.abcmart.co.kr/nexti/images/list/1218/0064961_list.jpg,호킨스,RADIANT,"
                56,000
                        "
http://image.abcmart.co.kr/nexti/images/list/1723/0064960_list.jpg,호킨스,RADIANT,"
                56,000
                        "
http://image.abcmart.co.kr/nexti/images/list/1979/0066443_list.jpg,컨버스,One Star,"
                94,000
                        "
http://image.abcmart.co.kr/nexti/images/list/1151/0066405_list.jpg,아디다스,SUPERSTAR,"
                103,500
                        "
http://image.abcmart.co.kr/nexti/images/list/1751/0066834_list.jpg,리복,REEBOK ROYAL BRIDGE 2.0,"
                65,500
                        "
http://image.abcmart.co.kr/nexti/images/list/1437/0066247_list.jpg,나이키,NIKE AIR MAX AXIS PREM,"
                119,000
            "
http://image.abcmart.co.kr/nexti/images/list/1949/0066715_list.jpg,반스,OLD SKOOL,"
                89,000
            "
http://image.abcmart.co.kr/nexti/images/list/1444/0066716_list.jpg,반스,OLD SKOOL,"
                89,000
            "
http://image.abcmart.co.kr/nexti/images/list/1969/0066441_list.jpg,컨버스,One Star,"
                94,000
                        "
http://image.abcmart.co.kr/nexti/images/list/1666/0066262_list.jpg,나이키,NIKE COURT ROYALE SL BG,"
                59,000
            "
http://image.abcmart.co.kr/nexti/images/list/1818/0066633_list.jpg,리복,AZTREK,"
                94,000
                        "
http://image.abcmart.co.kr/nexti/images/list/1546/0066574_list.jpg,뉴발란스,MSX90RLB,"
                139,000
            "
http://image.abcmart.co.kr/nexti/images/list/1083/0066313_list.jpg,나이키,W INTERNATIONALIST,"
                99,000
            "
http://image.abcmart.co.kr/nexti/images/list/1588/0066312_list.jpg,나이키,W INTERNATIONALIST,"
                99,000
            "
http://image.abcmart.co.kr/nexti/images/list/1370/0064910_list.jpg,호킨스,MADRON,"
                41,000
                        "
http://image.abcmart.co.kr/nexti/images/list/1135/0066078_list.jpg,블라도,FELIZ,"
                61,700
                        "
http://image.abcmart.co.kr/nexti/images/list/1834/0066192_list.jpg,나이키,NIKE AIR VRTX,"
                54,000
                        "
http://image.abcmart.co.kr/nexti/images/list/1601/0065534_list.jpg,누오보,NUEYE,"
                75,000
                        "
http://image.abcmart.co.kr/nexti/images/list/1096/0065535_list.jpg,누오보,NUEYE,"
                75,000
                        "
http://image.abcmart.co.kr/nexti/images/list/1994/0066105_list.jpg,푸마,Puma Smash Platform L,"
                55,000
                        "
http://image.abcmart.co.kr/nexti/images/list/1068/0066279_list.jpg,나이키,NIKE LIL SWOOSH BT,"
                39,000
            "
http://image.abcmart.co.kr/nexti/images/list/1229/0066126_list.jpg,아디다스,VL COURT 2.0 CMF I,"
                37,000
                        "
http://image.abcmart.co.kr/nexti/images/list/1037/0064889_list.jpg,호킨스,ADAM,"
                37,000
                        "
http://image.abcmart.co.kr/nexti/images/list/1494/0066446_list.jpg,컨버스,One Star,"
                61,700
                        "
http://image.abcmart.co.kr/nexti/images/list/1484/0066444_list.jpg,컨버스,One Star,"
                61,700
                        "
http://image.abcmart.co.kr/nexti/images/list/1630/0066402_list.jpg,아디다스,LITE RACER CLN I,"
                42,700
                        "
http://image.abcmart.co.kr/nexti/images/list/1504/0066448_list.jpg,컨버스,Star Court,"
                37,000
                        "
http://image.abcmart.co.kr/nexti/images/list/1526/0066570_list.jpg,뉴발란스,YV574INA,"
                69,000
            "
http://image.abcmart.co.kr/nexti/images/list/1712/0066569_list.jpg,뉴발란스,YV574BUB,"
                69,000
            "
http://image.abcmart.co.kr/nexti/images/list/1211/0067097_list.jpg,수페르가,2388-COTU,"
                65,000
            "
http://image.abcmart.co.kr/nexti/images/list/1716/0067096_list.jpg,수페르가,2750-COTUGLITTERFLAGSIDE,"
                65,000
            "
http://image.abcmart.co.kr/nexti/images/list/1570/0067094_list.jpg,수페르가,2750-COTUCOTMETFLAGSIDE,"
                65,000
            "
http://image.abcmart.co.kr/nexti/images/list/1178/0064969_list.jpg,반스,OLD SKOOL,"
                79,000
            "
http://image.abcmart.co.kr/nexti/images/title/1380/0066242_title.jpg,나이키,NIKE AIR MAX AXIS,"
                109,000
            "
http://image.abcmart.co.kr/nexti/images/title/1041/0058448_title.jpg,나이키,NIKE STAR RUNNER BG,"
                58,500
                        "
http://image.abcmart.co.kr/nexti/images/title/1192/0064208_title.jpg,써코니,OMNI WALKER,"
                129,000
            "
http://image.abcmart.co.kr/nexti/images/list/1235/0063288_list.jpg,나이키,NIKE DOWNSHIFTER 8,"
                47,400
                        "
http://image.abcmart.co.kr/nexti/images/list/1348/0061601_list.jpg,나이키,WMNS NIKE REVOLUTION 4,"
                48,300
                        "
http://image.abcmart.co.kr/nexti/images/list/1707/0064209_list.jpg,써코니,OMNI WALKER,"
                129,000
            "
http://image.abcmart.co.kr/nexti/images/list/1166/0066332_list.jpg,나이키,WMNS NIKE AIR MAX AXIS,"
                109,000
            "
http://image.abcmart.co.kr/nexti/images/list/1858/0050159_list.jpg,나이키,DART 12 MSL,"
                55,300
                        "
http://image.abcmart.co.kr/nexti/images/list/1672/0066484_list.jpg,아디다스,EQUIPMENT 10 M,"
                103,500
                        "
http://image.abcmart.co.kr/nexti/images/list/1604/0063331_list.jpg,나이키,NIKE REVOLUTION 4 BG,"
                45,500
                        "
http://image.abcmart.co.kr/nexti/images/list/1324/0065410_list.jpg,리복,DMX SERIES 1200,"
                87,000
                        "
http://image.abcmart.co.kr/nexti/images/list/1819/0065411_list.jpg,리복,DMX SERIES 1200,"
                87,000
                        "
http://image.abcmart.co.kr/nexti/images/list/1002/0062831_list.jpg,나이키,NIKE AIR MAX AXIS,"
                109,000
            "
http://image.abcmart.co.kr/nexti/images/list/1357/0062821_list.jpg,뉴발란스,W480LB5,"
                79,000
            "
http://image.abcmart.co.kr/nexti/images/list/1882/0061173_list.jpg,나이키,NIKE AIR MAX SEQUENT 3,"
                59,000
                        "
http://image.abcmart.co.kr/nexti/images/list/1876/0062877_list.jpg,나이키,NIKE RUNALLDAY,"
                71,100
                        "
http://image.abcmart.co.kr/nexti/images/list/1740/0063287_list.jpg,나이키,NIKE DOWNSHIFTER 8,"
                47,400
                        "
http://image.abcmart.co.kr/nexti/images/list/1150/0061720_list.jpg,푸마,Axis V4,"
                56,000
                        "
http://image.abcmart.co.kr/nexti/images/list/1104/0063294_list.jpg,나이키,WMNS NIKE DOWNSHIFTER 8,"
                47,400
                        "
http://image.abcmart.co.kr/nexti/images/list/1402/0064503_list.jpg,나이키,NIKE AIR MAX ALPHA TRAINER,"
                59,400
                        "
http://image.abcmart.co.kr/nexti/images/list/1422/0064507_list.jpg,나이키,NIKE AIR MAX ADVANTAGE 2,"
                89,000
            "
http://image.abcmart.co.kr/nexti/images/list/1886/0062879_list.jpg,나이키,WMNS NIKE RUNALLDAY,"
                71,100
                        "
http://image.abcmart.co.kr/nexti/images/list/1329/0066191_list.jpg,나이키,WMNS NIKE AIR MAX SEQUENT 4,"
                119,000
            "
http://image.abcmart.co.kr/nexti/images/list/1780/0064761_list.jpg,아디다스,RUN80S,"
                94,000
                        "
http://image.abcmart.co.kr/nexti/images/list/1762/0064253_list.jpg,아디다스,EQUIPMENT 10 W,"
                54,000
                        "
http://image.abcmart.co.kr/nexti/images/list/1767/0065806_list.jpg,뉴발란스,W480MB5,"
                79,000
            "
http://image.abcmart.co.kr/nexti/images/list/1410/0065243_list.jpg,아디다스,SOLYX,"
                84,500
                        "
http://image.abcmart.co.kr/nexti/images/list/1707/0062966_list.jpg,나이키,WMNS NIKE AIR MAX SEQUENT 3,"
                59,000
                        "
http://image.abcmart.co.kr/nexti/images/list/1680/0065744_list.jpg,아디다스,ARGECY,"
                65,500
                        "
http://image.abcmart.co.kr/nexti/images/list/1993/0060762_list.jpg,뉴발란스,W480SP5,"
                79,000
            "
http://image.abcmart.co.kr/nexti/images/list/1917/0064506_list.jpg,나이키,NIKE AIR MAX ADVANTAGE 2,"
                89,000
            "
http://image.abcmart.co.kr/nexti/images/list/1982/0061162_list.jpg,나이키,NIKE FLY.BY LOW,"
                55,300
                        "
http://image.abcmart.co.kr/nexti/images/list/1427/0066236_list.jpg,나이키,NIKE AIR MAX ADVANTAGE 2,"
                89,000
            "
http://image.abcmart.co.kr/nexti/images/list/1371/0064650_list.jpg,뉴발란스,WRL247EN,"
                99,000
            "
http://image.abcmart.co.kr/nexti/images/list/1039/0065734_list.jpg,아디다스,SPEEDEND2END,"
                75,000
                        "
http://image.abcmart.co.kr/nexti/images/list/1609/0063295_list.jpg,나이키,WMNS NIKE DOWNSHIFTER 8,"
                47,400
                        "
http://image.abcmart.co.kr/nexti/images/list/1490/0066259_list.jpg,나이키,NIKE AIR VERSITILE III,"
                89,000
            "
http://image.abcmart.co.kr/nexti/images/list/1925/0065246_list.jpg,아디다스,SOLYX,"
                84,500
                        "
http://image.abcmart.co.kr/nexti/images/list/1623/0064461_list.jpg,나이키,NIKE REVOLUTION 4,"
                62,100
                        "
http://image.abcmart.co.kr/nexti/images/list/1864/0064509_list.jpg,나이키,WMNS NIKE AIR MAX ADVANTAGE 2,"
                89,000
            "
http://image.abcmart.co.kr/nexti/images/list/1257/0064252_list.jpg,아디다스,EQUIPMENT 10 W,"
                103,500
                        "
http://image.abcmart.co.kr/nexti/images/list/1550/0061184_list.jpg,나이키,NIKE REVOLUTION 4,"
                62,100
                        "
http://image.abcmart.co.kr/nexti/images/list/1118/0064462_list.jpg,나이키,WMNS NIKE AIR MAX SEQUENT 3,"
                59,000
                        "
http://image.abcmart.co.kr/nexti/images/list/1897/0049815_list.jpg,푸마,Axis v4,"
                56,000
                        "
http://image.abcmart.co.kr/nexti/images/list/1050/0064510_list.jpg,나이키,WMNS NIKE AIR MAX ADVANTAGE 2,"
                89,000
            "
http://image.abcmart.co.kr/nexti/images/list/1353/0050158_list.jpg,나이키,DART 12 MSL,"
                71,100
                        "
http://image.abcmart.co.kr/nexti/images/list/1192/0063346_list.jpg,나이키,WMNS NIKE ZOOM WINFLO 5,"
                65,400
                        "
http://image.abcmart.co.kr/nexti/images/list/1125/0066294_list.jpg,나이키,NIKE REVOLUTION 4,"
                69,000
            "
http://image.abcmart.co.kr/nexti/images/list/1712/0062895_list.jpg,나이키,W NIKE FLEX TRAINER 8,"
                47,400
                        "
http://image.abcmart.co.kr/nexti/images/list/1102/0064242_list.jpg,뉴발란스,W480WB5,"
                79,000
            "
http://image.abcmart.co.kr/nexti/images/list/1775/0058390_list.jpg,나이키,W NIKE LUNAR APPARENT,"
                49,500
                        "
http://image.abcmart.co.kr/nexti/images/list/1280/0050179_list.jpg,나이키,WMNS DART 12 MSL,"
                71,100
                        "
http://image.abcmart.co.kr/nexti/images/list/1387/0061174_list.jpg,나이키,NIKE AIR MAX SEQUENT 3,"
                59,500
                        "
http://image.abcmart.co.kr/nexti/images/list/1661/0066333_list.jpg,나이키,WMNS NIKE AIR MAX AXIS SE,"
                109,000
            "
http://image.abcmart.co.kr/nexti/images/list/1736/0064471_list.jpg,나이키,WMNS NIKE AIR BELLA TR,"
                89,000
            "
http://image.abcmart.co.kr/nexti/images/list/1207/0063950_list.jpg,아디다스,EQUIPMENT 10 HPC U,"
                113,000
                        "
http://image.abcmart.co.kr/nexti/images/list/1456/0058388_list.jpg,나이키,WMNS NIKE RUN SWIFT,"
                49,500
                        "
http://image.abcmart.co.kr/nexti/images/list/1066/0056825_list.jpg,나이키,WMNS NIKE FLEX BIJOUX,"
                48,300
                        "
http://image.abcmart.co.kr/nexti/images/list/1231/0064470_list.jpg,나이키,WMNS NIKE AIR BELLA TR,"
                80,100
                        "
http://image.abcmart.co.kr/nexti/images/list/1241/0064472_list.jpg,나이키,WMNS NIKE FLEX ESSENTIAL TR,"
                34,500
                        "
http://image.abcmart.co.kr/nexti/images/list/1058/0064426_list.jpg,나이키,DART 12 MSL,"
                71,100
                        "
http://image.abcmart.co.kr/nexti/images/list/1489/0061983_list.jpg,호킨스,AQUA LINE,"
                19,000
                        "
http://image.abcmart.co.kr/nexti/images/list/1908/0055903_list.jpg,써코니,KINETA RELAY,"
                39,000
                        "
http://image.abcmart.co.kr/nexti/images/list/1200/0060747_list.jpg,써코니,COHESION 11,"
                63,000
                        "
http://image.abcmart.co.kr/nexti/images/list/1207/0062896_list.jpg,나이키,W NIKE FLEX TRAINER 8,"
                55,300
                        "
http://image.abcmart.co.kr/nexti/images/list/1045/0061185_list.jpg,나이키,NIKE RUN SWIFT,"
                69,300
                        "
http://image.abcmart.co.kr/nexti/images/list/1613/0064463_list.jpg,나이키,WMNS NIKE REVOLUTION 4,"
                62,100
                        "
http://image.abcmart.co.kr/nexti/images/list/1029/0065736_list.jpg,아디다스,SPEEDBREAK,"
                94,000
                        "
http://image.abcmart.co.kr/nexti/images/list/1317/0064935_list.jpg,아디다스,LITE RACER CLN,"
                34,000
                        "
http://image.abcmart.co.kr/nexti/images/list/1043/0064353_list.jpg,리복,RIDGERIDER TRAIL 3.0,"
                63,000
                        "
http://image.abcmart.co.kr/nexti/images/list/1565/0062207_list.jpg,아디다스,GALAXY 4 M,"
                55,000
                        "
http://image.abcmart.co.kr/nexti/images/list/1259/0065321_list.jpg,휠라,DELTA SPEED 3,"
                39,000
            "
http://image.abcmart.co.kr/nexti/images/list/1624/0059950_list.jpg,나이키,WMNS NIKE RUN SWIFT,"
                69,300
                        "
http://image.abcmart.co.kr/nexti/images/list/1683/0066742_list.jpg,푸마,Axis v4 MC Mesh,"
                56,000
                        "
http://image.abcmart.co.kr/nexti/images/list/1325/0062414_list.jpg,아디다스,QUESTAR RIDE,"
                75,000
                        "
http://image.abcmart.co.kr/nexti/images/list/1969/0064937_list.jpg,아디다스,LITE RACER CLN,"
                65,500
                        "
http://image.abcmart.co.kr/nexti/images/list/1381/0062878_list.jpg,나이키,WMNS NIKE RUNALLDAY,"
                55,300
                        "
http://image.abcmart.co.kr/nexti/images/list/1754/0065320_list.jpg,휠라,DELTA SPEED 3,"
                39,000
            "
http://image.abcmart.co.kr/nexti/images/list/1146/0066336_list.jpg,나이키,WMNS NIKE DOWNSHIFTER 8,"
                79,000
            "
http://image.abcmart.co.kr/nexti/images/list/1704/0064347_list.jpg,아디다스,QUESTAR RIDE,"
                63,000
                        "
http://image.abcmart.co.kr/nexti/images/list/1447/0064458_list.jpg,나이키,NIKE STAR RUNNER BG,"
                65,000
            "
http://image.abcmart.co.kr/nexti/images/list/1407/0066241_list.jpg,나이키,NIKE AIR MAX ALPHA TRAINER,"
                99,000
            "
http://image.abcmart.co.kr/nexti/images/list/1893/0064210_list.jpg,써코니,INTEGRITY ST 2,"
                129,000
            "
http://image.abcmart.co.kr/nexti/images/title/1370/0065221_title.jpg,닥터마틴,PATRICIA,"
                140,600
                        "
http://image.abcmart.co.kr/nexti/images/title/1638/0062303_title.jpg,호킨스,PLAIN LOAFER,"
                103,500
                        "
http://image.abcmart.co.kr/nexti/images/title/1096/0058535_title.jpg,누오보,SOLE 2.5,"
                56,000
                        "
http://image.abcmart.co.kr/nexti/images/list/1268/0064280_list.jpg,누오보,VITO 2.5,"
                56,000
                        "
http://image.abcmart.co.kr/nexti/images/list/1082/0064279_list.jpg,누오보,VITO 2.5,"
                56,000
                        "
http://image.abcmart.co.kr/nexti/images/list/1228/0064288_list.jpg,누오보,SOLE 2.5,"
                56,000
                        "
http://image.abcmart.co.kr/nexti/images/list/1248/0064284_list.jpg,누오보,SIENA 1.5,"
                56,000
                        "
http://image.abcmart.co.kr/nexti/images/list/1743/0064285_list.jpg,누오보,SIENA 1.5,"
                56,000
                        "
http://image.abcmart.co.kr/nexti/images/list/1205/0058534_list.jpg,누오보,OTIS 2,"
                56,000
                        "
http://image.abcmart.co.kr/nexti/images/list/1710/0058533_list.jpg,누오보,OTIS 2,"
                56,000
                        "
http://image.abcmart.co.kr/nexti/images/list/1991/0065707_list.jpg,스테파노로시,DOUBLE MONK,"
                113,000
                        "
http://image.abcmart.co.kr/nexti/images/list/1486/0065706_list.jpg,스테파노로시,DOUBLE MONK,"
                113,000
                        "
http://image.abcmart.co.kr/nexti/images/list/1109/0064847_list.jpg,호킨스,PLAIN TOE,"
                84,500
                        "
http://image.abcmart.co.kr/nexti/images/list/1167/0065110_list.jpg,스테파노로시,TIROLEAN,"
                113,000
                        "
http://image.abcmart.co.kr/nexti/images/list/1479/0064865_list.jpg,호킨스,MOC LOAFER,"
                103,500
                        "
http://image.abcmart.co.kr/nexti/images/list/1587/0064278_list.jpg,누오보,PUFFY 1.5,"
                49,000
                        "
http://image.abcmart.co.kr/nexti/images/list/1974/0064866_list.jpg,호킨스,MOC LOAFER,"
                103,500
                        "
http://image.abcmart.co.kr/nexti/images/list/1981/0065109_list.jpg,스테파노로시,TIROLEAN,"
                113,000
                        "
http://image.abcmart.co.kr/nexti/images/list/1486/0065108_list.jpg,스테파노로시,TIROLEAN,"
                113,000
                        "
http://image.abcmart.co.kr/nexti/images/list/1991/0065107_list.jpg,스테파노로시,Y-TIP DERBY,"
                113,000
                        "
http://image.abcmart.co.kr/nexti/images/list/1496/0065106_list.jpg,스테파노로시,Y-TIP DERBY,"
                113,000
                        "
http://image.abcmart.co.kr/nexti/images/list/1607/0064241_list.jpg,호킨스,PLAIN SNEAKER,"
                99,000
                        "
http://image.abcmart.co.kr/nexti/images/list/1689/0064274_list.jpg,호킨스,PLAIN MONK,"
                103,500
                        "
http://image.abcmart.co.kr/nexti/images/list/1184/0064273_list.jpg,호킨스,PLAIN MONK,"
                103,500
                        "
http://image.abcmart.co.kr/nexti/images/list/1749/0064614_list.jpg,누오보,SONNY 3,"
                56,000
                        "
http://image.abcmart.co.kr/nexti/images/list/1244/0064615_list.jpg,누오보,SONNY 3,"
                56,000
                        "
http://image.abcmart.co.kr/nexti/images/list/1669/0063978_list.jpg,호킨스,LOAFER LT,"
                103,500
                        "
http://image.abcmart.co.kr/nexti/images/list/1164/0063977_list.jpg,호킨스,LOAFER LT,"
                103,500
                        "
http://image.abcmart.co.kr/nexti/images/list/1659/0063976_list.jpg,호킨스,Y-TIP LT,"
                103,500
                        "
http://image.abcmart.co.kr/nexti/images/list/1112/0064240_list.jpg,호킨스,PLAIN SNEAKER,"
                99,000
                        "
http://image.abcmart.co.kr/nexti/images/list/1926/0064239_list.jpg,호킨스,PLAIN SNEAKER,"
                99,000
                        "
http://image.abcmart.co.kr/nexti/images/list/1154/0063975_list.jpg,호킨스,PLAIN LT,"
                103,500
                        "
http://image.abcmart.co.kr/nexti/images/list/1909/0064290_list.jpg,누오보,SIMBA 2.5,"
                39,000
                        "
http://image.abcmart.co.kr/nexti/images/list/1723/0064289_list.jpg,누오보,SIMBA 2.5,"
                29,000
                        "
http://image.abcmart.co.kr/nexti/images/list/1254/0064613_list.jpg,누오보,SNIPER 2.5,"
                49,000
                        "
http://image.abcmart.co.kr/nexti/images/list/1759/0064612_list.jpg,누오보,SNIPER 2.5,"
                49,000
                        "
http://image.abcmart.co.kr/nexti/images/list/1988/0065223_list.jpg,닥터마틴,GHILLIE SHOE,"
                180,500
                        "
http://image.abcmart.co.kr/nexti/images/list/1659/0065219_list.jpg,닥터마틴,ELSFIELD,"
                140,600
                        "
http://image.abcmart.co.kr/nexti/images/list/1473/0065220_list.jpg,닥터마틴,ELSFIELD,"
                140,600
                        "
http://image.abcmart.co.kr/nexti/images/list/1483/0065222_list.jpg,닥터마틴,GHILLIE SHOE,"
                180,500
                        "
http://image.abcmart.co.kr/nexti/images/list/1321/0062302_list.jpg,호킨스,PLAIN LOAFER,"
                103,500
                        "
http://image.abcmart.co.kr/nexti/images/list/1617/0062465_list.jpg,스테파노로시,TASSEL LOAFER,"
                109,000
                        "
http://image.abcmart.co.kr/nexti/images/list/1454/0064631_list.jpg,닥터마틴,PATRICIA,"
                140,600
                        "
http://image.abcmart.co.kr/nexti/images/list/1112/0062466_list.jpg,스테파노로시,TASSEL LOAFER,"
                109,000
                        "
http://image.abcmart.co.kr/nexti/images/list/1122/0062464_list.jpg,스테파노로시,PLAIN SEMI,"
                122,500
                        "
http://image.abcmart.co.kr/nexti/images/list/1627/0062463_list.jpg,스테파노로시,PLAIN SEMI,"
                122,500
                        "
http://image.abcmart.co.kr/nexti/images/list/1099/0051647_list.jpg,누오보,ZIETA 4,"
                56,000
                        "
http://image.abcmart.co.kr/nexti/images/list/1111/0064294_list.jpg,누오보,STEPHANIE 4.5,"
                39,000
                        "
http://image.abcmart.co.kr/nexti/images/list/1606/0064293_list.jpg,누오보,STEPHANIE 4.5,"
                39,000
                        "
http://image.abcmart.co.kr/nexti/images/list/1258/0064282_list.jpg,누오보,ZELIA 6.5,"
                39,000
                        "
http://image.abcmart.co.kr/nexti/images/list/1753/0064283_list.jpg,누오보,ZELIA 6.5,"
                39,000
                        "
http://image.abcmart.co.kr/nexti/images/list/1763/0064281_list.jpg,누오보,ZELIA 6.5,"
                39,000
                        "
http://image.abcmart.co.kr/nexti/images/list/1053/0055014_list.jpg,누오보,FOXY 5,"
                56,000
                        "
http://image.abcmart.co.kr/nexti/images/title/1361/0058503_title.jpg,호킨스,CHELSEA LUG,"
                122,500
                        "
http://image.abcmart.co.kr/nexti/images/title/1693/0007781_title.jpg,닥터마틴,2976,"
                213,700
                        "
http://image.abcmart.co.kr/nexti/images/title/1917/0059481_title.jpg,누오보,TIA 3,"
                48,000
                        "
http://image.abcmart.co.kr/nexti/images/list/1286/0059482_list.jpg,누오보,TIA 3,"
                65,500
                        "
http://image.abcmart.co.kr/nexti/images/list/1262/0065009_list.jpg,누오보,PAVEL 4,"
                65,500
                        "
http://image.abcmart.co.kr/nexti/images/list/1448/0065010_list.jpg,누오보,PAVEL 4,"
                65,500
                        "
http://image.abcmart.co.kr/nexti/images/list/1088/0064996_list.jpg,누오보,ROLLO 3.5,"
                65,500
                        "
http://image.abcmart.co.kr/nexti/images/list/1417/0064995_list.jpg,누오보,ROLLO 3.5,"
                65,500
                        "
http://image.abcmart.co.kr/nexti/images/list/1801/0063710_list.jpg,스틸모다,HEEL,"
                113,000
                        "
http://image.abcmart.co.kr/nexti/images/list/1987/0063709_list.jpg,스틸모다,COMFY,"
                113,000
                        "
http://image.abcmart.co.kr/nexti/images/list/1972/0065443_list.jpg,누오보,REMY 3.5,"
                75,000
                        "
http://image.abcmart.co.kr/nexti/images/list/1924/0045522_list.jpg,호킨스,6 INCH PLAIN,"
                89,000
                        "
http://image.abcmart.co.kr/nexti/images/list/1533/0065442_list.jpg,누오보,REMY 3.5,"
                75,000
                        "
http://image.abcmart.co.kr/nexti/images/list/1438/0065012_list.jpg,누오보,POCO 4,"
                65,500
                        "
http://image.abcmart.co.kr/nexti/images/list/1038/0065441_list.jpg,누오보,RINGO 3.5,"
                65,500
                        "
http://image.abcmart.co.kr/nexti/images/list/1419/0045523_list.jpg,호킨스,6 INCH PLAIN,"
                89,000
                        "
http://image.abcmart.co.kr/nexti/images/list/1848/0033091_list.jpg,호킨스,CONSOCIA,"
                83,000
                        "
http://image.abcmart.co.kr/nexti/images/list/1254/0034366_list.jpg,호킨스,SPONSA,"
                132,000
                        "
http://image.abcmart.co.kr/nexti/images/list/1177/0033087_list.jpg,호킨스,SPONSA,"
                132,000
                        "
http://image.abcmart.co.kr/nexti/images/list/1614/0033086_list.jpg,호킨스,SPONSA,"
                132,000
                        "
http://image.abcmart.co.kr/nexti/images/list/1572/0046710_list.jpg,호킨스,6 INCH PLAIN,"
                89,000
                        "
http://image.abcmart.co.kr/nexti/images/list/1167/0033089_list.jpg,호킨스,CONSOCIA,"
                83,000
                        "
http://image.abcmart.co.kr/nexti/images/list/1565/0058822_list.jpg,닥터마틴,1460,"
                199,500
                        "
http://image.abcmart.co.kr/nexti/images/list/1429/0052428_list.jpg,호킨스,S-TIP BOOT,"
                97,000
                        "
http://image.abcmart.co.kr/nexti/images/list/1924/0052427_list.jpg,호킨스,S-TIP BOOT,"
                97,000
                        "
http://image.abcmart.co.kr/nexti/images/list/1540/0050535_list.jpg,호킨스,6 INCH,"
                132,000
                        "
http://image.abcmart.co.kr/nexti/images/list/1361/0046944_list.jpg,호킨스,6INCH LACE TOE LUG,"
                89,000
                        "
http://image.abcmart.co.kr/nexti/images/list/1177/0039492_list.jpg,호킨스,6INCH LACE TOE LUG,"
                89,000
                        "
http://image.abcmart.co.kr/nexti/images/list/1109/0033085_list.jpg,호킨스,SPONSA,"
                132,000
                        "
http://image.abcmart.co.kr/nexti/images/list/1353/0033090_list.jpg,호킨스,CONSOCIA,"
                83,000
                        "
http://image.abcmart.co.kr/nexti/images/list/1697/0031346_list.jpg,대너,DJ BLK DAN LIT,"
                279,000
                        "
http://image.abcmart.co.kr/nexti/images/list/1543/0065440_list.jpg,누오보,RINGO 3.5,"
                65,500
                        "
http://image.abcmart.co.kr/nexti/images/list/1408/0063915_list.jpg,대너,MOUNTAIN 600 CHELSEA,"
                189,000
                        "
http://image.abcmart.co.kr/nexti/images/list/1903/0063916_list.jpg,대너,MOUNTAIN 600 CHELSEA,"
                189,000
                        "
http://image.abcmart.co.kr/nexti/images/list/1300/0058502_list.jpg,호킨스,CHELSEA LUG,"
                122,500
                        "
http://image.abcmart.co.kr/nexti/images/list/1982/0057213_list.jpg,대너,FEATHER LIGHT 917,"
                227,000
                        "
http://image.abcmart.co.kr/nexti/images/list/1372/0058832_list.jpg,닥터마틴,HARDY,"
                190,000
                        "
http://image.abcmart.co.kr/nexti/images/list/1867/0058833_list.jpg,닥터마틴,HARDY,"
                190,000
                        "
http://image.abcmart.co.kr/nexti/images/list/1545/0052273_list.jpg,호킨스,6 INCH,"
                132,000
                        "
http://image.abcmart.co.kr/nexti/images/list/1823/0051564_list.jpg,호킨스,SPONSA,"
                132,000
                        "
http://image.abcmart.co.kr/nexti/images/list/1371/0044333_list.jpg,호킨스,FUR BOOT,"
                79,000
                        "
http://image.abcmart.co.kr/nexti/images/list/1876/0044334_list.jpg,호킨스,FUR BOOT,"
                79,000
                        "
http://image.abcmart.co.kr/nexti/images/list/1627/0046917_list.jpg,닥터마틴,2976,"
                190,000
                        "
http://image.abcmart.co.kr/nexti/images/list/1682/0039491_list.jpg,호킨스,6INCH LACE TOE LUG,"
                89,000
                        "
http://image.abcmart.co.kr/nexti/images/list/1047/0039500_list.jpg,닥터마틴,2976,"
                89,000
                        "
http://image.abcmart.co.kr/nexti/images/list/1739/0034369_list.jpg,호킨스,CONSOCIA,"
                83,000
                        "
http://image.abcmart.co.kr/nexti/images/list/1727/0012398_list.jpg,닥터마틴,MATERIAL UPDATES,"
                159,000
                        "
http://image.abcmart.co.kr/nexti/images/list/1296/0007780_list.jpg,닥터마틴,MATERIAL UPDATES,"
                159,000
                        "
http://image.abcmart.co.kr/nexti/images/title/1014/0066743_title.jpg,리복,CV LONG PUFFER JACKET,"
                251,300
                        "
http://image.abcmart.co.kr/nexti/images/title/1664/0066480_title.jpg,휠라,BB LONGDOWN JACKET,"
                239,000
            "
http://image.abcmart.co.kr/nexti/images/list/1377/0066917_list.jpg,푸마,FD SR Long Down,"
                188,300
                        "
http://image.abcmart.co.kr/nexti/images/list/1882/0066916_list.jpg,푸마,FD SR Long Down,"
                188,300
                        "
http://image.abcmart.co.kr/nexti/images/list/1512/0066808_list.jpg,휠라,FILA LONG DOWN,"
                279,000
            "
http://image.abcmart.co.kr/nexti/images/list/1327/0066744_list.jpg,리복,CV LONG PUFFER JACKET,"
                251,300
                        "
http://image.abcmart.co.kr/nexti/images/list/1842/0066747_list.jpg,리복,CV SHORT PUFFER JACKET,"
                223,300
                        "
http://image.abcmart.co.kr/nexti/images/list/1337/0066746_list.jpg,리복,CV SHORT PUFFER JACKET,"
                223,300
                        "
http://image.abcmart.co.kr/nexti/images/list/1832/0066745_list.jpg,리복,CV SHORT PUFFER JACKET,"
                223,300
                        "
http://image.abcmart.co.kr/nexti/images/list/1187/0066481_list.jpg,휠라,CREMA BOA JACKET,"
                69,000
            "
http://image.abcmart.co.kr/nexti/images/list/1531/0066511_list.jpg,휠라,FILA LINEAR WARM UP TRACK TOP,"
                79,000
            "
http://image.abcmart.co.kr/nexti/images/list/1018/0065793_list.jpg,아디다스,GRAPHICS CB TT,"
                90,300
                        "
http://image.abcmart.co.kr/nexti/images/list/1351/0065781_list.jpg,아디다스,SST TT,"
                69,300
                        "
http://image.abcmart.co.kr/nexti/images/list/1440/0065780_list.jpg,아디다스,SST TT,"
                69,300
                        "
http://image.abcmart.co.kr/nexti/images/list/1341/0065783_list.jpg,아디다스,TREF OVER CREW,"
                76,300
                        "
http://image.abcmart.co.kr/nexti/images/list/1816/0065788_list.jpg,아디다스,TREF OVER HOOD,"
                83,300
                        "
http://image.abcmart.co.kr/nexti/images/list/1321/0065787_list.jpg,아디다스,TREF OVER HOOD,"
                83,300
                        "
http://image.abcmart.co.kr/nexti/images/list/1596/0065773_list.jpg,아디다스,OS HOODIE,"
                76,300
                        "
http://image.abcmart.co.kr/nexti/images/list/1331/0065785_list.jpg,아디다스,TREF OVER HOOD,"
                83,300
                        "
http://image.abcmart.co.kr/nexti/images/list/1846/0065782_list.jpg,아디다스,TREF OVER CREW,"
                76,300
                        "
http://image.abcmart.co.kr/nexti/images/list/1267/0065769_list.jpg,아디다스,LONGSLEEVE,"
                48,300
                        "
http://image.abcmart.co.kr/nexti/images/list/1762/0065768_list.jpg,아디다스,LONGSLEEVE,"
                48,300
                        "
http://image.abcmart.co.kr/nexti/images/list/1414/0065911_list.jpg,리복,CV RV CREWNECK,"
                62,300
                        "
http://image.abcmart.co.kr/nexti/images/list/1404/0065913_list.jpg,리복,CV RV CREWNECK,"
                62,300
                        "
http://image.abcmart.co.kr/nexti/images/list/1377/0065910_list.jpg,리복,CV LONG SLEEVES,"
                41,300
                        "
http://image.abcmart.co.kr/nexti/images/list/1563/0065909_list.jpg,리복,CV LONG SLEEVES,"
                41,300
                        "
http://image.abcmart.co.kr/nexti/images/list/1058/0065908_list.jpg,리복,CV LONG SLEEVES,"
                41,300
                        "
http://image.abcmart.co.kr/nexti/images/list/1048/0065906_list.jpg,리복,CV RV TRACKJKT,"
                125,300
                        "
http://image.abcmart.co.kr/nexti/images/list/1543/0065905_list.jpg,리복,CV RV TRACKJKT,"
                125,300
                        "
http://image.abcmart.co.kr/nexti/images/list/1028/0065902_list.jpg,리복,CV BOA JKT,"
                139,300
                        "
http://image.abcmart.co.kr/nexti/images/list/1533/0065903_list.jpg,리복,CV BOA JKT,"
                139,300
                        "
http://image.abcmart.co.kr/nexti/images/list/1836/0065784_list.jpg,아디다스,TREF OVER CREW,"
                76,300
                        "
http://image.abcmart.co.kr/nexti/images/list/1826/0065786_list.jpg,아디다스,TREF OVER HOOD,"
                83,300
                        "
http://image.abcmart.co.kr/nexti/images/list/1707/0064740_list.jpg,아디다스,EQT WIND JK,"
                90,300
                        "
http://image.abcmart.co.kr/nexti/images/list/1521/0064739_list.jpg,아디다스,EQT WIND JK,"
                90,300
                        "
http://image.abcmart.co.kr/nexti/images/list/1412/0066840_list.jpg,아디다스,KAVAL OTH HOODY,"
                83,300
                        "
http://image.abcmart.co.kr/nexti/images/list/1765/0059870_list.jpg,나이키,W NSW FNL FLC,"
                75,000
            "
http://image.abcmart.co.kr/nexti/images/list/1331/0066968_list.jpg,휠라,HERITAGE WINDBREAKER JACKET,"
                179,000
            "
http://image.abcmart.co.kr/nexti/images/list/1026/0066512_list.jpg,휠라,FILA LINEAR WARM UP TRACK TOP,"
                79,000
            "
http://image.abcmart.co.kr/nexti/images/list/1248/0067009_list.jpg,휠라,HERITAGE WINDBREAKER JACKET,"
                129,000
            "
